date,mkt_rf,smb,hml
2020-01-01,-9.999999999999998e-05,0.0,0.0
2020-01-02,-9.999999999999998e-05,-0.008995060060143289,-0.008499899360974948
2020-01-03,-9.999999999999998e-05,-0.004512609470251077,-0.0029755089512529423
2020-01-06,-9.999999999999998e-05,0.004245534019002905,0.01630722969876082
2020-01-07,-9.999999999999998e-05,0.0035088880172729903,0.010812722158416947
2020-01-08,-9.999999999999998e-05,-0.002469999044832716,0.004057873479545821
2020-01-09,-9.999999999999998e-05,0.002872930861753632,-0.01035930167119571
2020-01-10,-9.999999999999998e-05,-0.011372499225549226,0.010153726456417562
2020-01-13,-9.999999999999998e-05,-0.022180192871181212,-0.004186353908233603
2020-01-14,-9.999999999999998e-05,-0.00027332940528028427,0.007815949677961717
2020-01-15,-9.999999999999998e-05,-0.006993868594724718,-0.014729894565965147
2020-01-16,-9.999999999999998e-05,-0.0022955361070628602,0.0061478447339587804
2020-01-17,-9.999999999999998e-05,0.003992111896291088,-0.006760454479973779
2020-01-20,-9.999999999999998e-05,0.006503399164950024,0.016541539265752293
2020-01-21,-9.999999999999998e-05,0.0002780535684685694,-0.01856307648550054
2020-01-22,-9.999999999999998e-05,0.004059458595483848,-0.007128665736003362
2020-01-23,-9.999999999999998e-05,-0.0011825702371269548,0.004291522314786676
2020-01-24,-9.999999999999998e-05,-0.0021620601101051146,0.0020333215433029706
2020-01-27,-9.999999999999998e-05,-0.004952698236497204,0.003965351828713852
2020-01-28,-9.999999999999998e-05,-0.015323610062688193,0.000990498916605605
2020-01-29,-9.999999999999998e-05,0.002447288929169303,-0.004372456076463789
2020-01-30,-9.999999999999998e-05,-0.0003131173340947084,0.004471141594562137
2020-01-31,-9.999999999999998e-05,-0.007745131030228317,-0.01743408992007811
2020-02-03,-9.999999999999998e-05,0.002148678177442705,-0.013405351646766477
2020-02-04,-9.999999999999998e-05,-0.013349165694026655,-0.013681013678929821
2020-02-05,-9.999999999999998e-05,0.010366115834288571,0.00844018336297976
2020-02-06,-9.999999999999998e-05,0.011618023501739107,0.003955030091594321
2020-02-07,-9.999999999999998e-05,-0.0031920132192370197,-0.0007739255552612744
2020-02-10,-9.999999999999998e-05,0.0007739598770595294,0.0003712224011060347
2020-02-11,-9.999999999999998e-05,0.0038355877100389674,0.0022104743410923983
2020-02-12,-9.999999999999998e-05,0.004495579898256037,0.010878622122527585
2020-02-13,-9.999999999999998e-05,-0.0014226395688823178,-0.024301698441350043
2020-02-14,-9.999999999999998e-05,0.014390797838221387,0.009779971223362913
2020-02-17,-9.999999999999998e-05,0.0043663097218205596,0.0052203546855823305
2020-02-18,-9.999999999999998e-05,-0.0015711122289820117,0.019669050529354803
2020-02-19,-9.999999999999998e-05,0.00672324205975948,0.0026004999478336883
2020-02-20,-9.999999999999998e-05,-0.010984322931704756,-0.005664875553016134
2020-02-21,-9.999999999999998e-05,0.0003287631635598906,0.0048704189018819195
2020-02-24,-9.999999999999998e-05,-0.003693108307755856,0.006652544803802431
2020-02-25,-9.999999999999998e-05,0.0028745537122249545,-0.004280489978186999
2020-02-26,-9.999999999999998e-05,0.002028185337259238,-0.004145177422942086
2020-02-27,-9.999999999999998e-05,0.004961505403119097,0.02266677121396167
2020-02-28,-9.999999999999998e-05,0.011716806246632037,0.003989562039318833
2020-03-02,-9.999999999999998e-05,-0.0027563057521422713,-0.002878508205167784
2020-03-03,-9.999999999999998e-05,-0.004081863112197794,-0.024294488151750105
2020-03-04,-9.999999999999998e-05,-0.004653881034674134,-0.008833993383587502
2020-03-05,-9.999999999999998e-05,-0.005279895681013127,0.0017810685459355461
2020-03-06,-9.999999999999998e-05,0.007119751933139719,-0.0010331753915067445
2020-03-09,-9.999999999999998e-05,0.013428519410433966,0.014227952733910218
2020-03-10,-9.999999999999998e-05,-0.0007730277455837778,0.007109439821504501
2020-03-11,-9.999999999999998e-05,-0.014083065492826318,-0.02527703531370914
2020-03-12,-9.999999999999998e-05,0.01484571930512532,-0.00415963593594775
2020-03-13,-9.999999999999998e-05,0.007583764236331936,-0.005084668126947509
2020-03-16,-9.999999999999998e-05,0.007461367874822421,-0.017815179833635376
2020-03-17,-9.999999999999998e-05,-0.004066453667508381,-0.017597501529847487
2020-03-18,-9.999999999999998e-05,-0.003122567939860145,0.014039520606956915
2020-03-19,-9.999999999999998e-05,-0.008643798200137076,0.011976004768606366
2020-03-20,-9.999999999999998e-05,0.006999729262593166,-0.0059379810167841385
2020-03-23,-9.999999999999998e-05,-0.0009743040571094019,-0.004566318952170131
2020-03-24,-9.999999999999998e-05,-0.0003624814991066618,0.014382219261600911
2020-03-25,-9.999999999999998e-05,-0.0019180318561629293,0.009466734353459683
2020-03-26,-9.999999999999998e-05,-0.01991269995720029,-0.018881799306312605
2020-03-27,-9.999999999999998e-05,-0.004879307280277363,-0.0004621164492404888
2020-03-30,-9.999999999999998e-05,-0.0036121467031017176,-0.004397295082072093
2020-03-31,-9.999999999999998e-05,-0.00013342549629744883,0.009726127385916121
2020-04-01,-9.999999999999998e-05,-0.0031722536026874155,0.002928792371860089
2020-04-02,-9.999999999999998e-05,-0.014002338632045173,-0.0031842353615513727
2020-04-03,-9.999999999999998e-05,-0.012965795063351233,-0.01459987256988377
2020-04-06,-9.999999999999998e-05,0.009386974592970115,0.012895338708738439
2020-04-07,-9.999999999999998e-05,-0.006895483450595644,0.0020073793736068157
2020-04-08,-9.999999999999998e-05,-0.011640982705854886,-0.013521507906723181
2020-04-09,-9.999999999999998e-05,0.0018369694664445485,0.012237199167194578
2020-04-10,-9.999999999999998e-05,-0.005690823474768139,0.008455641235922927
2020-04-13,-9.999999999999998e-05,-0.00331246585431714,-0.005045479280034457
2020-04-14,-9.999999999999998e-05,0.013508373820820527,-0.002023956138825173
2020-04-15,-9.999999999999998e-05,-0.008554546285390366,-0.023850267401027705
2020-04-16,-9.999999999999998e-05,-0.010634400995508338,-0.009422594390514145
2020-04-17,-9.999999999999998e-05,-0.002642200699605767,0.0004392347120018308
2020-04-20,-9.999999999999998e-05,-0.00799886324360323,-0.00336505503000517
2020-04-21,-9.999999999999998e-05,0.0012230826260009329,-0.005246048123218958
2020-04-22,-9.999999999999998e-05,-0.0034950396865472758,-0.014352483784767759
2020-04-23,-9.999999999999998e-05,-0.001947685948300199,0.0001813727888753617
2020-04-24,-9.999999999999998e-05,-3.851075227572637e-05,-0.0011533545374142733
2020-04-27,-9.999999999999998e-05,0.006537728555463963,-0.00011501655226823712
2020-04-28,-9.999999999999998e-05,0.014661500002462954,0.006630413532564222
2020-04-29,-9.999999999999998e-05,0.0014806019293601598,0.0025945270000588515
2020-04-30,-9.999999999999998e-05,-0.005178714598000334,-0.00436852112952462
2020-05-01,-9.999999999999998e-05,-0.006425232905020981,-0.00775155402662631
2020-05-04,-9.999999999999998e-05,0.0039106753504523206,0.008815664077897556
2020-05-05,-9.999999999999998e-05,-0.008714685360495928,0.004180391067683071
2020-05-06,-9.999999999999998e-05,-0.0008040526402464526,0.01568917106888388
2020-05-07,-9.999999999999998e-05,0.000855846033300012,0.013918420189226637
2020-05-08,-9.999999999999998e-05,-0.009887407546437705,0.0005499318724447762
2020-05-11,-9.999999999999998e-05,0.006394672194161458,0.006439424250794128
2020-05-12,-9.999999999999998e-05,-0.004770002455834551,-0.0010078758379900316
2020-05-13,-9.999999999999998e-05,-0.0015808082105168856,-0.012636239199625955
2020-05-14,-9.999999999999998e-05,-0.015732133218635418,0.004846083581360804
2020-05-15,-9.999999999999998e-05,-0.002994025525454048,-0.005599110157278709
2020-05-18,-9.999999999999998e-05,0.0033933800127383387,0.0015014338781845988
2020-05-19,-9.999999999999998e-05,-0.008281972919473713,-0.004912062442652942
2020-05-20,-9.999999999999998e-05,-0.002653477177201572,-0.004074473555507059
2020-05-21,-9.999999999999998e-05,-0.0028864198982164885,0.014511216810105965
2020-05-22,-9.999999999999998e-05,-0.0022959492391180936,0.006876794614423599
2020-05-25,-9.999999999999998e-05,0.0007628968445775215,3.447678106873256e-05
2020-05-26,-9.999999999999998e-05,0.007764595945914658,-0.027593579510924126
2020-05-27,-9.999999999999998e-05,0.0007683281675912477,-0.0011304990013925459
2020-05-28,-9.999999999999998e-05,0.0060003521919012315,-0.005330115765310841
2020-05-29,-9.999999999999998e-05,0.004384207308924956,0.018947406404347295
2020-06-01,-9.999999999999998e-05,0.0009054269283258658,-0.0008808599559781806
2020-06-02,-9.999999999999998e-05,0.01067413775892867,-0.008304813933931019
2020-06-03,-9.999999999999998e-05,-0.003688470910132113,0.010101160109693232
2020-06-04,-9.999999999999998e-05,0.0008999438486283692,-0.008643890961541889
2020-06-05,-9.999999999999998e-05,-0.00194179846515293,0.0044499635867190305
2020-06-08,-9.999999999999998e-05,0.0014086004340004088,-0.003780125329179639
2020-06-09,-9.999999999999998e-05,0.013073751375811175,0.02636296321963974
2020-06-10,-9.999999999999998e-05,-0.007315755130847223,0.003256616419219022
2020-06-11,-9.999999999999998e-05,-0.01433150125291636,0.011779022139813827
2020-06-12,-9.999999999999998e-05,0.010212429620690787,0.005234471481478862
2020-06-15,-9.999999999999998e-05,0.0008949505112513002,-0.0025527116717964198
2020-06-16,-9.999999999999998e-05,0.008904227672216788,0.005655683923212791
2020-06-17,-9.999999999999998e-05,-0.00029192170534622294,-0.017307974843314533
2020-06-18,-9.999999999999998e-05,0.007546469678206136,-0.003061088327700464
2020-06-19,-9.999999999999998e-05,-0.0025252633378942072,0.004550154130755139
2020-06-22,-9.999999999999998e-05,0.006953968522386339,0.005895081207673632
2020-06-23,-9.999999999999998e-05,0.002307021796895018,0.011646984182289318
2020-06-24,-9.999999999999998e-05,0.0006187617609950333,0.014361981540614008
2020-06-25,-9.999999999999998e-05,0.01364231161994757,0.005633591198812397
2020-06-26,-9.999999999999998e-05,-0.004491721425233906,0.003544368746589765
2020-06-29,-9.999999999999998e-05,-0.010128064648898481,-0.002974175011159292
2020-06-30,-9.999999999999998e-05,-0.0016299170962687523,-0.011580158962712129
2020-07-01,-9.999999999999998e-05,0.0027585726272684793,0.01015591092047987
2020-07-02,-9.999999999999998e-05,-0.00040590568902799246,0.0027585537585401755
2020-07-03,-9.999999999999998e-05,-0.0001336191662588361,0.006552039917449402
2020-07-06,-9.999999999999998e-05,0.002042666450431222,-0.006753632257707153
2020-07-07,-9.999999999999998e-05,-0.0034738602215309607,-0.0008462335545505956
2020-07-08,-9.999999999999998e-05,0.014338695173180217,-0.013922397782384206
2020-07-09,-9.999999999999998e-05,-0.0024519487392545003,0.010232044656691669
2020-07-10,-9.999999999999998e-05,-0.01699627322137997,0.009597229790670302
2020-07-13,-9.999999999999998e-05,-0.009642129671669324,0.0016709797939725816
2020-07-14,-9.999999999999998e-05,-0.0033378171296156584,0.0071241680820689525
2020-07-15,-9.999999999999998e-05,-0.007497839530064845,-0.006010395773419712
2020-07-16,-9.999999999999998e-05,-0.009261058033584277,-0.0015090088186867235
2020-07-17,-9.999999999999998e-05,0.015270978950237166,0.009945759860768753
2020-07-20,-9.999999999999998e-05,-0.0025590581330577657,-0.0022872804960994836
2020-07-21,-9.999999999999998e-05,-0.0022617095811258746,-0.009249349936415036
2020-07-22,-9.999999999999998e-05,-0.006492960199787827,0.012758238339889478
2020-07-23,-9.999999999999998e-05,0.00695360765502237,0.012054067161996113
2020-07-24,-9.999999999999998e-05,-0.018094597491636187,-0.005908239417206654
2020-07-27,-9.999999999999998e-05,-0.010219073527387986,-0.024332602371058235
2020-07-28,-9.999999999999998e-05,-0.009743896924584237,-0.0013462142137913463
2020-07-29,-9.999999999999998e-05,-0.0057934343299661465,0.00803348723737279
2020-07-30,-9.999999999999998e-05,0.009213769736818764,0.0040930220277165625
2020-07-31,-9.999999999999998e-05,-0.014100840012918923,-0.007775723469641605
2020-08-03,-9.999999999999998e-05,-0.0017201865967327668,-0.005534477758956253
2020-08-04,-9.999999999999998e-05,0.0003856439147020125,0.02267361439496764
2020-08-05,-9.999999999999998e-05,0.009439290115795524,-0.005639238251502023
2020-08-06,-9.999999999999998e-05,-0.0018475794983872536,-0.004905508139881696
2020-08-07,-9.999999999999998e-05,-0.0016882683777748632,-0.011148798602885826
2020-08-10,-9.999999999999998e-05,-0.013955187668078496,0.005811886453340546
2020-08-11,-9.999999999999998e-05,0.005960548907491245,-0.006118597377141773
2020-08-12,-9.999999999999998e-05,-0.018229164448581203,-0.01686732862056972
2020-08-13,-9.999999999999998e-05,0.010989098110128768,-0.014340165573850502
2020-08-14,-9.999999999999998e-05,0.0167036064306983,0.0038471419557871735
2020-08-17,-9.999999999999998e-05,0.007388894965718856,0.014705401046071685
2020-08-18,-9.999999999999998e-05,-0.012731271544025046,0.008295471868984453
2020-08-19,-9.999999999999998e-05,0.0056692751640939915,-0.008596081834610539
2020-08-20,-9.999999999999998e-05,-0.004151192910778469,0.015593861393556582
2020-08-21,-9.999999999999998e-05,-0.0011269628641920448,0.0037672330624127573
2020-08-24,-9.999999999999998e-05,0.011244757200837218,-0.004518268963125564
2020-08-25,-9.999999999999998e-05,0.000784720576771895,0.0011147113321153
2020-08-26,-9.999999999999998e-05,-0.014674100660225155,-0.010466125429752749
2020-08-27,-9.999999999999998e-05,-0.005507476809308269,-0.003919472815888615
2020-08-28,-9.999999999999998e-05,0.0025739504134196164,0.0056597863882923045
2020-08-31,-9.999999999999998e-05,-0.006771970181162802,0.00654461630438614
2020-09-01,-9.999999999999998e-05,-0.011385038174007276,-0.0033320650478649246
2020-09-02,-9.999999999999998e-05,0.0028822276562338505,0.0033447396620895804
2020-09-03,-9.999999999999998e-05,0.005966894700434167,0.0013684247763066553
2020-09-04,-9.999999999999998e-05,0.000553769136258331,-0.003195504559910569
2020-09-07,-9.999999999999998e-05,0.016733861233929836,0.015965975046461783
2020-09-08,-9.999999999999998e-05,0.016430191915527578,-0.002279048873306132
2020-09-09,-9.999999999999998e-05,0.009057188212152793,0.010692011863018228
2020-09-10,-9.999999999999998e-05,0.00322996786375614,0.008188893260206465
2020-09-11,-9.999999999999998e-05,-0.0024612776478687656,-0.006780939770042466
2020-09-14,-9.999999999999998e-05,0.005341715600183048,0.004964248892707678
2020-09-15,-9.999999999999998e-05,-0.0076606079010670975,-0.010500023860316201
2020-09-16,-9.999999999999998e-05,0.0009254784886311204,0.018598336533448338
2020-09-17,-9.999999999999998e-05,-0.0012611382392981527,0.009624635857687188
2020-09-18,-9.999999999999998e-05,-0.002805299597717385,0.0009185496208148139
2020-09-21,-9.999999999999998e-05,-0.006624749502059758,0.00609473636369559
2020-09-22,-9.999999999999998e-05,0.013106171912833895,-0.0010451420520191969
2020-09-23,-9.999999999999998e-05,-0.006867603845515262,-0.0062628896718433
2020-09-24,-9.999999999999998e-05,0.0016513603792418976,-0.0007999118957663599
2020-09-25,-9.999999999999998e-05,0.007145862715772796,0.02280476108372552
2020-09-28,-9.999999999999998e-05,-0.009940024752545833,-0.007642803526455107
2020-09-29,-9.999999999999998e-05,-0.0018018406086487814,-0.004840867691502507
2020-09-30,-9.999999999999998e-05,-0.004035379074622855,-0.005674145848288792
2020-10-01,-9.999999999999998e-05,0.00867317306517072,0.010506040526021708
2020-10-02,-9.999999999999998e-05,-0.0014129465500597373,0.0006791782848770186
2020-10-05,-9.999999999999998e-05,0.009998671478433713,0.001874677780957278
2020-10-06,-9.999999999999998e-05,-0.0058416920977901595,-0.006499170095986667
2020-10-07,-9.999999999999998e-05,-0.0034670474627063515,0.005998121456308648
2020-10-08,-9.999999999999998e-05,-0.001533164048029681,-0.0021357941828731974
2020-10-09,-9.999999999999998e-05,0.008815620181313773,0.017342944691499215
2020-10-12,-9.999999999999998e-05,0.003870252975735093,0.006445806359879118
2020-10-13,-9.999999999999998e-05,0.0024980692232768487,0.008801995306455937
2020-10-14,-9.999999999999998e-05,-0.009575079048945891,-1.0448025438966613e-05
2020-10-15,-9.999999999999998e-05,0.0037311938412423196,-0.001043221026017548
2020-10-16,-9.999999999999998e-05,-0.010998839343009145,-0.01619160084108135
2020-10-19,-9.999999999999998e-05,0.010954585227471284,0.019099887826366305
2020-10-20,-9.999999999999998e-05,-0.0021100182183999353,-0.0031992324400991574
2020-10-21,-9.999999999999998e-05,0.004079168997392912,0.022207727799282772
2020-10-22,-9.999999999999998e-05,-0.010255700817359183,-0.0009486067203974945
2020-10-23,-9.999999999999998e-05,0.010875230878446832,0.00023500900366610344
2020-10-26,-9.999999999999998e-05,-0.007374862323241277,-0.014078710624271013
2020-10-27,-9.999999999999998e-05,-0.0025408270478305553,0.006604293483638177
2020-10-28,-9.999999999999998e-05,0.0005809256137997672,-0.005180849459940299
2020-10-29,-9.999999999999998e-05,-0.005849898712704486,-0.0029859720242972248
2020-10-30,-9.999999999999998e-05,0.001254886531662348,0.006637985936454229
2020-11-02,-9.999999999999998e-05,0.0030165518003311314,0.009620739312633866
2020-11-03,-9.999999999999998e-05,-0.0056217973205453485,0.005492137027277825
2020-11-04,-9.999999999999998e-05,-0.008141689389510222,-0.018476500017230328
2020-11-05,-9.999999999999998e-05,-0.0024085821560351356,0.0076241033228009875
2020-11-06,-9.999999999999998e-05,-0.0003161603621896561,-0.01376983621338827
2020-11-09,-9.999999999999998e-05,-0.011384138088042584,-0.014947165914421672
2020-11-10,-9.999999999999998e-05,-0.004184616852155884,-0.01663201063597237
2020-11-11,-9.999999999999998e-05,0.0033847242007025878,0.003004982513127857
2020-11-12,-9.999999999999998e-05,0.0032349963050504905,0.010178972156659647
2020-11-13,-9.999999999999998e-05,0.0014171627727036819,-0.02038252648660609
2020-11-16,-9.999999999999998e-05,0.0007447989931920335,0.0024982077252615354
2020-11-17,-9.999999999999998e-05,0.006863339601837912,0.003873307443091322
2020-11-18,-9.999999999999998e-05,0.005727929226327711,0.008366464502055955
2020-11-19,-9.999999999999998e-05,0.0011317920495001535,-0.004258874708506728
2020-11-20,-9.999999999999998e-05,0.015146986430052346,0.005118711559179451
2020-11-23,-9.999999999999998e-05,0.0014706090991447218,-0.006907812970955529
2020-11-24,-9.999999999999998e-05,-0.002777393568540257,0.002206318112371571
2020-11-25,-9.999999999999998e-05,0.0019404513149379014,-0.0031314732328262297
2020-11-26,-9.999999999999998e-05,0.004140252421930457,-0.010328882679097382
2020-11-27,-9.999999999999998e-05,-0.012742421801559725,-0.015966602751539168
2020-11-30,-9.999999999999998e-05,-0.010897519338114272,0.00025186278121177
2020-12-01,-9.999999999999998e-05,-0.005264514595157809,0.00042331393237447085
2020-12-02,-9.999999999999998e-05,0.0016091443054941784,0.012960853852242354
2020-12-03,-9.999999999999998e-05,-0.006652442891022162,0.004741141011449
2020-12-04,-9.999999999999998e-05,-0.0005032598376847426,9.042657098105346e-05
2020-12-07,-9.999999999999998e-05,-0.000791383941472476,0.002154033675386204
2020-12-08,-9.999999999999998e-05,0.0019437773851071656,0.00706350196668936
2020-12-09,-9.999999999999998e-05,-0.014928544584680107,-0.01654103967498713
2020-12-10,-9.999999999999998e-05,0.0016574920398567672,-0.010144104464012564
2020-12-11,-9.999999999999998e-05,-0.016949337953645248,-0.0007749874001968995
2020-12-14,-9.999999999999998e-05,-0.0002773979979118976,0.0036514931112224
2020-12-15,-9.999999999999998e-05,0.007292904032688747,0.003981178518417601
2020-12-16,-9.999999999999998e-05,0.0037180637362600613,-0.01375181736304429
2020-12-17,-9.999999999999998e-05,-0.005470160777112983,-0.0008148412046896716
2020-12-18,-9.999999999999998e-05,0.0022756482833466637,-0.0028682068869301143
2020-12-21,-9.999999999999998e-05,0.005218094992703377,0.007429863653866501
2020-12-22,-9.999999999999998e-05,-0.014577745321940672,-0.009068788974643995
2020-12-23,-9.999999999999998e-05,-0.017900278939655963,-0.0165327174685607
2020-12-24,-9.999999999999998e-05,-0.010902352813567613,0.005842664227403649
2020-12-25,-9.999999999999998e-05,0.0014168935768808597,0.015012100362683313
2020-12-28,-9.999999999999998e-05,0.004774225512736006,0.005811041969332411
2020-12-29,-9.999999999999998e-05,0.002041000513997432,-0.003861636836286657
2020-12-30,-9.999999999999998e-05,0.011254234937525526,0.005114915175196261
2020-12-31,-9.999999999999998e-05,-0.009583974675442709,0.0006125182891616172
2021-01-01,-9.999999999999998e-05,-0.008483622006250094,0.006229790393767828
2021-01-04,-9.999999999999998e-05,-0.014829097405537246,-0.005469913249397194
2021-01-05,-9.999999999999998e-05,-0.013330771402431954,0.0023320300839105605
2021-01-06,-9.999999999999998e-05,-0.009692986909724761,0.0017750390393719972
2021-01-07,-9.999999999999998e-05,-0.00767889756957512,-0.00522509398055448
2021-01-08,-9.999999999999998e-05,0.000607376359353283,-0.0054424303285033615
2021-01-11,-9.999999999999998e-05,0.01155736531110844,-0.012938609375888964
2021-01-12,-9.999999999999998e-05,0.00019641314692785908,-0.0016100345442457064
2021-01-13,-9.999999999999998e-05,0.0008289234550757832,0.010857883114531574
2021-01-14,-9.999999999999998e-05,-0.0003620586991824673,0.001732774083197039
2021-01-15,-9.999999999999998e-05,-0.001050350348018472,-0.008984130160981388
2021-01-18,-9.999999999999998e-05,0.0016718182118078996,0.0030308141556367393
2021-01-19,-9.999999999999998e-05,-0.0009542862568461879,0.005502509216744786
2021-01-20,-9.999999999999998e-05,0.0015449489092654884,-0.004728405712885755
2021-01-21,-9.999999999999998e-05,0.0009382549228617179,0.004855905582321873
2021-01-22,-9.999999999999998e-05,-0.002380436430514284,0.008412003871881403
2021-01-25,-9.999999999999998e-05,-0.002976428718340666,-0.0013111403775586468
2021-01-26,-9.999999999999998e-05,0.003798342134186915,0.012217976675310917
2021-01-27,-9.999999999999998e-05,0.0006521469109668117,-0.011154031369186322
2021-01-28,-9.999999999999998e-05,-0.0038947403453971088,0.021491711616752493
2021-01-29,-9.999999999999998e-05,0.001656282001127979,0.012590690638225018
2021-02-01,-9.999999999999998e-05,-0.003937845076037876,-0.0115272476311329
2021-02-02,-9.999999999999998e-05,-0.003071434426008211,0.015841121523338254
2021-02-03,-9.999999999999998e-05,0.0030734344681723584,-1.2347077149591629e-05
2021-02-04,-9.999999999999998e-05,-0.00612347151751285,0.008469362116061214
2021-02-05,-9.999999999999998e-05,-0.006835105947297602,0.005086296047117415
2021-02-08,-9.999999999999998e-05,0.0012065423576776571,-0.003954871019202371
2021-02-09,-9.999999999999998e-05,0.000552001559588425,-0.0078962814681074
2021-02-10,-9.999999999999998e-05,-0.004421483378427408,-0.003457513183367896
2021-02-11,-9.999999999999998e-05,-0.008721468355379413,-0.001150844429034896
2021-02-12,-9.999999999999998e-05,0.0030126816953734504,0.011915963722475869
2021-02-15,-9.999999999999998e-05,0.01545740122087867,0.018952785516623737
2021-02-16,-9.999999999999998e-05,0.009166634837104493,0.009008719286811042
2021-02-17,-9.999999999999998e-05,-0.005742387104232905,0.010771836005389761
2021-02-18,-9.999999999999998e-05,0.0055410329160032155,0.005960250195006058
2021-02-19,-9.999999999999998e-05,-0.010192029126339774,-0.0019682084827167563
2021-02-22,-9.999999999999998e-05,0.009690094706162018,0.0024577708433098666
2021-02-23,-9.999999999999998e-05,-0.001746913622916504,-0.00018975128703343537
2021-02-24,-9.999999999999998e-05,0.0045328160403746145,0.0002805374957032436
2021-02-25,-9.999999999999998e-05,0.006594664444632454,0.01571443226466412
2021-02-26,-9.999999999999998e-05,0.0019151032300676546,-0.00934231393391482
2021-03-01,-9.999999999999998e-05,-0.0010584867993505094,0.008014902580970514
2021-03-02,-9.999999999999998e-05,-0.010717371061854957,-0.003442436761557704
2021-03-03,-9.999999999999998e-05,0.004707777257648394,0.004221940848940362
2021-03-04,-9.999999999999998e-05,-0.0025637224274080985,0.010537463269411252
2021-03-05,-9.999999999999998e-05,0.019223543698958012,0.0072419736664511595
2021-03-08,-9.999999999999998e-05,0.004613894819483964,-0.019464361427149662
2021-03-09,-9.999999999999998e-05,0.00176343148720841,0.00185233449273744
2021-03-10,-9.999999999999998e-05,-0.0017599566602927042,-0.006073005671459485
2021-03-11,-9.999999999999998e-05,0.0018131768701753204,-0.008716692767018553
2021-03-12,-9.999999999999998e-05,6.35627766700439e-05,0.016340157230486638
2021-03-15,-9.999999999999998e-05,0.0008563293857267989,-0.008723815070090783
2021-03-16,-9.999999999999998e-05,-0.012590427122286814,0.008070138982724632
2021-03-17,-9.999999999999998e-05,0.005936159549075632,0.013609805481251333
2021-03-18,-9.999999999999998e-05,-0.0009407433341100243,0.008773302550042529
2021-03-19,-9.999999999999998e-05,0.0068423204764606034,-0.02137581410017729
2021-03-22,-9.999999999999998e-05,-0.012019206942063494,-0.012683989183504867
2021-03-23,-9.999999999999998e-05,0.008240467351713271,0.005994029948138975
2021-03-24,-9.999999999999998e-05,-0.0019874338832048463,0.011076208477519379
2021-03-25,-9.999999999999998e-05,0.0050719500882155846,0.012208545700779522
2021-03-26,-9.999999999999998e-05,-0.0032523681611129466,-0.004948114816533929
2021-03-29,-9.999999999999998e-05,0.0010987566098838745,-0.005212524076476088
2021-03-30,-9.999999999999998e-05,0.01082555527568297,-0.003782944706139192
2021-03-31,-9.999999999999998e-05,-0.010437319984446532,-0.009870001523520466
2021-04-01,-9.999999999999998e-05,-0.007886467373682014,0.0014035642130255672
2021-04-02,-9.999999999999998e-05,-0.0030593374556727813,-0.02328913342946738
2021-04-05,-9.999999999999998e-05,0.009798194017531894,-0.005259498146429802
2021-04-06,-9.999999999999998e-05,-0.003103481562307657,0.01171619128580631
2021-04-07,-9.999999999999998e-05,0.015079572708740222,0.012853572761859498
2021-04-08,-9.999999999999998e-05,-0.011337509248248421,0.0015537002941943593
2021-04-09,-9.999999999999998e-05,0.0026132214045874102,-0.0008802359612580628
2021-04-12,-9.999999999999998e-05,-0.015148275483856687,0.0037718220499229436
2021-04-13,-9.999999999999998e-05,-0.0032197726988971165,-0.003411008861195877
2021-04-14,-9.999999999999998e-05,-0.001746673342089465,0.00021961533464778804
2021-04-15,-9.999999999999998e-05,0.003114854447325934,-0.0069275615981523545
2021-04-16,-9.999999999999998e-05,-0.018415746676028237,0.02113015971055837
2021-04-19,-9.999999999999998e-05,0.007058667121637939,0.012723083104926532
2021-04-20,-9.999999999999998e-05,0.007419121109991769,0.003817896295305097
2021-04-21,-9.999999999999998e-05,0.0015488261920811805,-0.011017614181556157
2021-04-22,-9.999999999999998e-05,0.00535651141968667,-0.010283448296951731
2021-04-23,-9.999999999999998e-05,-0.002329828460316178,0.009648198310956306
2021-04-26,-9.999999999999998e-05,-0.005297654335916524,0.0007219272792073758
2021-04-27,-9.999999999999998e-05,-0.0016512001220139998,-0.015841664151553858
2021-04-28,-9.999999999999998e-05,-0.01044979277456172,0.00024801223560015455
2021-04-29,-9.999999999999998e-05,0.006281176930955302,0.012298119962821097
2021-04-30,-9.999999999999998e-05,0.006872732397568176,-0.019028007823145753
2021-05-03,-9.999999999999998e-05,0.0004957955015559845,0.0028588087622560612
2021-05-04,-9.999999999999998e-05,-0.007421095438309636,-0.011815157901437142
2021-05-05,-9.999999999999998e-05,-0.004396253150275968,0.0035669199501551442
2021-05-06,-9.999999999999998e-05,0.005227533801653172,-0.014471659840157396
2021-05-07,-9.999999999999998e-05,0.005656566140862145,0.018225010018072772
2021-05-10,-9.999999999999998e-05,0.00047186431111876856,-0.007210021968692212
2021-05-11,-9.999999999999998e-05,0.009269338104066624,0.008281950615413411
2021-05-12,-9.999999999999998e-05,-0.005212481071476113,0.002755506982554265
2021-05-13,-9.999999999999998e-05,0.0014259153496792472,-0.007270337830812244
2021-05-14,-9.999999999999998e-05,-0.005981495716462722,-0.0011131159092066531
2021-05-17,-9.999999999999998e-05,0.0003152908042302052,0.007218204733887655
2021-05-18,-9.999999999999998e-05,0.01680081970446548,0.010800199200327302
2021-05-19,-9.999999999999998e-05,6.582658695868798e-05,-0.007091058781211884
2021-05-20,-9.999999999999998e-05,-0.003528041142909293,-0.0001735532576955523
2021-05-21,-9.999999999999998e-05,0.0018468981268938353,0.006673046309903091
2021-05-24,-9.999999999999998e-05,-0.007583296331597691,0.014531734455293804
2021-05-25,-9.999999999999998e-05,0.012983073183224485,-0.010492684653180349
2021-05-26,-9.999999999999998e-05,0.004748530704993052,-0.0009203038965905179
2021-05-27,-9.999999999999998e-05,-0.0008337874416684591,0.0021002862292510563
2021-05-28,-9.999999999999998e-05,-0.013901747569319091,-0.009081933265837472
2021-05-31,-9.999999999999998e-05,-0.004508467341661037,-0.00752830020844754
2021-06-01,-9.999999999999998e-05,0.0014149221953017586,-0.004277692731167046
2021-06-02,-9.999999999999998e-05,0.003677006272123938,0.004995315028656865
2021-06-03,-9.999999999999998e-05,0.008722087081606576,-0.00682696516169869
2021-06-04,-9.999999999999998e-05,-0.009576915300311024,-0.015232970689806804
2021-06-07,-9.999999999999998e-05,0.011854461980827503,0.006233885783773659
2021-06-08,-9.999999999999998e-05,0.013890049852946082,-0.009560263299121699
2021-06-09,-9.999999999999998e-05,0.008259236403587618,0.010146926995069153
2021-06-10,-9.999999999999998e-05,-0.011968938931737368,0.004667772681578785
2021-06-11,-9.999999999999998e-05,0.010064117789782953,-0.0041702855181054935
2021-06-14,-9.999999999999998e-05,-0.00287522920296167,-0.0031087622117482484
2021-06-15,-9.999999999999998e-05,0.00413601874117463,-0.008334862660644718
2021-06-16,-9.999999999999998e-05,0.0031319223718327144,-0.016939670721628705
2021-06-17,-9.999999999999998e-05,0.007026115833322185,-0.011785166939949587
2021-06-18,-9.999999999999998e-05,-0.010590525839165086,-0.009445695502372536
2021-06-21,-9.999999999999998e-05,-0.027952508348409587,-0.017613206636113522
2021-06-22,-9.999999999999998e-05,0.015162169539784096,0.01974519378847633
2021-06-23,-9.999999999999998e-05,0.007574211040298913,0.010956406752259382
2021-06-24,-9.999999999999998e-05,-0.003619892014153532,0.007613161764310912
2021-06-25,-9.999999999999998e-05,-0.010088842055086823,0.003402028553801029
2021-06-28,-9.999999999999998e-05,-0.008089067888622004,0.026252615667221472
2021-06-29,-9.999999999999998e-05,-0.003702264737828958,0.00986253171922472
2021-06-30,-9.999999999999998e-05,0.004979640389871662,-0.00966946097088152
2021-07-01,-9.999999999999998e-05,0.01109958133155264,-0.012538426711892698
2021-07-02,-9.999999999999998e-05,0.0044532432645307835,0.005898618019456699
2021-07-05,-9.999999999999998e-05,0.00243349376979176,0.0041681162342490675
2021-07-06,-9.999999999999998e-05,0.000459213320207881,-0.0026312345141678503
2021-07-07,-9.999999999999998e-05,-0.006293728360421427,0.002888550839541603
2021-07-08,-9.999999999999998e-05,0.008073884375263383,-0.0022200672954982795
2021-07-09,-9.999999999999998e-05,-0.008510389868515864,0.0018591987636122596
2021-07-12,-9.999999999999998e-05,-1.4298576974478006e-05,0.009711899083755688
2021-07-13,-9.999999999999998e-05,0.003559032700242957,-0.014600736648030974
2021-07-14,-9.999999999999998e-05,-0.010248088148096305,0.0013975605013308995
2021-07-15,-9.999999999999998e-05,-0.010097214279425313,-7.2089827644339355e-06
2021-07-16,-9.999999999999998e-05,0.0035637558370842336,-0.0030524272431214864
2021-07-19,-9.999999999999998e-05,-0.0016779129948315894,0.0036990415846441037
2021-07-20,-9.999999999999998e-05,0.005685356848602649,0.014508954904896534
2021-07-21,-9.999999999999998e-05,-0.0019576144312955634,-0.007088318379807021
2021-07-22,-9.999999999999998e-05,-0.008299648606041321,-0.005670201057288399
2021-07-23,-9.999999999999998e-05,-0.004633044227443511,-0.011096074603052442
2021-07-26,-9.999999999999998e-05,0.006433091723495061,0.0029849689114140494
2021-07-27,-9.999999999999998e-05,-0.0159004128205269,-0.005940652735229722
2021-07-28,-9.999999999999998e-05,0.0014755112867348083,0.005574906124932824
2021-07-29,-9.999999999999998e-05,-0.0007726602992800986,0.009609506386878857
2021-07-30,-9.999999999999998e-05,-0.007707009274327822,-0.014485813685921872
2021-08-02,-9.999999999999998e-05,-0.00905343058382728,-0.01327431246303444
2021-08-03,-9.999999999999998e-05,0.012210686758530643,0.01362370515052904
2021-08-04,-9.999999999999998e-05,0.00602317252920216,0.003879164806689538
2021-08-05,-9.999999999999998e-05,-0.003972512093439682,-0.008778308170225766
2021-08-06,-9.999999999999998e-05,-0.015426900588443712,0.002668185276945796
2021-08-09,-9.999999999999998e-05,0.00021989485807605703,0.005616696158811344
2021-08-10,-9.999999999999998e-05,0.020481335746997814,0.013056024665188355
2021-08-11,-9.999999999999998e-05,-0.0020352817703021197,0.009990281011439985
2021-08-12,-9.999999999999998e-05,0.012052994885928132,0.015364294669248262
2021-08-13,-9.999999999999998e-05,-0.0008486428556844158,-0.0025982179349136984
2021-08-16,-9.999999999999998e-05,0.007013928300101682,0.0014857243345612206
2021-08-17,-9.999999999999998e-05,0.00476034894563493,0.003643787618892857
2021-08-18,-9.999999999999998e-05,0.007711029821211064,-0.008913540060432447
2021-08-19,-9.999999999999998e-05,-0.00012994092695050967,0.0011051785103098483
2021-08-20,-9.999999999999998e-05,0.00021501996762989146,-0.0037943938425978128
2021-08-23,-9.999999999999998e-05,-0.0027918557694571527,0.0025719566948112825
2021-08-24,-9.999999999999998e-05,-0.0019953652028457426,-0.006011546594454624
2021-08-25,-9.999999999999998e-05,-0.0054094574169852305,0.0008849988737812849
2021-08-26,-9.999999999999998e-05,-0.007416653271093363,0.0013253800692705642
2021-08-27,-9.999999999999998e-05,-0.001128735280253328,-0.0023664127655390332
2021-08-30,-9.999999999999998e-05,0.008023688017148709,-0.01504901312536998
2021-08-31,-9.999999999999998e-05,0.0031217799974483764,0.01047313224439373
2021-09-01,-9.999999999999998e-05,-0.004695935377299202,-0.0012038631117955653
2021-09-02,-9.999999999999998e-05,0.0013224169098598518,0.010217266315924126
2021-09-03,-9.999999999999998e-05,0.00046298484170138876,0.005351907416588808
2021-09-06,-9.999999999999998e-05,-0.001358323226695459,-0.00368025351776148
2021-09-07,-9.999999999999998e-05,-0.009894932206953234,-0.007495277821995834
2021-09-08,-9.999999999999998e-05,0.009112722752331943,-0.007766620614094145
2021-09-09,-9.999999999999998e-05,0.0045769266768878065,-0.00564518636335745
2021-09-10,-9.999999999999998e-05,0.007705487690783058,-0.005222757444368979
2021-09-13,-9.999999999999998e-05,-0.007532824934969894,0.002441159735584446
2021-09-14,-9.999999999999998e-05,-0.005433107927682716,-0.007536920159942933
2021-09-15,-9.999999999999998e-05,0.0032412602781695596,-0.005898293190546646
2021-09-16,-9.999999999999998e-05,0.005221022371397384,0.01086179177969078
2021-09-17,-9.999999999999998e-05,0.009568847636416977,0.01963504130810458
2021-09-20,-9.999999999999998e-05,-0.006350287494015325,-0.007305325298397505
2021-09-21,-9.999999999999998e-05,0.0029404933640098576,0.0010245183402927908
2021-09-22,-9.999999999999998e-05,0.009314574213671614,-0.008875192820515921
2021-09-23,-9.999999999999998e-05,0.003521428867346522,-0.0018262045198952012
2021-09-24,-9.999999999999998e-05,0.01107386952172452,-0.002446036794462795
2021-09-27,-9.999999999999998e-05,-0.0017917559244806872,-0.02155608453336784
2021-09-28,-9.999999999999998e-05,-0.006926263981374879,-0.005529095825728522
2021-09-29,-9.999999999999998e-05,-0.008289851770833159,-0.0190216492809757
2021-09-30,-9.999999999999998e-05,-0.007539873248388452,-0.0034554459047589324
2021-10-01,-9.999999999999998e-05,0.005172939050272317,0.00743916752124019
2021-10-04,-9.999999999999998e-05,-0.00457856512218815,-0.00912542867038693
2021-10-05,-9.999999999999998e-05,0.0045266463888109666,0.000516102551659188
2021-10-06,-9.999999999999998e-05,-0.00569801514341542,-0.02292676051879281
2021-10-07,-9.999999999999998e-05,0.004216755126947363,-0.004627069732906452
2021-10-08,-9.999999999999998e-05,-5.417726233947402e-05,0.010842325893347486
2021-10-11,-9.999999999999998e-05,-0.003447340235228508,-0.0056670952082839956
2021-10-12,-9.999999999999998e-05,-0.006485522675084733,0.0049808756154215645
2021-10-13,-9.999999999999998e-05,0.012479856935531603,0.001192326830495423
2021-10-14,-9.999999999999998e-05,-0.002541128187113866,0.007438101111712797
2021-10-15,-9.999999999999998e-05,-0.008906357560393013,0.005036440424339024
2021-10-18,-9.999999999999998e-05,0.003915098010321829,0.010700271135269623
2021-10-19,-9.999999999999998e-05,-0.008488408884948869,0.0044671849556162865
2021-10-20,-9.999999999999998e-05,-0.006546078819303428,0.01308506724055993
2021-10-21,-9.999999999999998e-05,0.005930730839115208,0.008814785867564044
2021-10-22,-9.999999999999998e-05,0.009933577839659612,0.014615285329484369
2021-10-25,-9.999999999999998e-05,-0.009545492053888311,-0.011404129699415469
2021-10-26,-9.999999999999998e-05,0.01376534957450445,0.012306763036444408
2021-10-27,-9.999999999999998e-05,0.008117480845811896,0.00015817940622480514
2021-10-28,-9.999999999999998e-05,0.004100916483841213,0.008828511427188048
2021-10-29,-9.999999999999998e-05,0.006832788214080145,0.0030388805606759856
2021-11-01,-9.999999999999998e-05,-0.006659010106028743,-0.0014428902190988437
2021-11-02,-9.999999999999998e-05,0.011933897147779544,0.0132042737559193
2021-11-03,-9.999999999999998e-05,0.004889391488231906,0.009152488086382159
2021-11-04,-9.999999999999998e-05,-0.0035244528378895025,-0.020295165128184394
2021-11-05,-9.999999999999998e-05,-0.007983070910448708,-0.01709206314924221
2021-11-08,-9.999999999999998e-05,-0.009190592651172435,-0.0074642827319141986
2021-11-09,-9.999999999999998e-05,-0.002427321584508331,0.01694376783358361
2021-11-10,-9.999999999999998e-05,0.000943228662727343,0.007530251939517341
2021-11-11,-9.999999999999998e-05,-0.010218110462274109,0.011844507066541065
2021-11-12,-9.999999999999998e-05,-0.008528811269764876,-0.009923919168227362
2021-11-15,-9.999999999999998e-05,-0.017623409805577507,-0.007557829765512255
2021-11-16,-9.999999999999998e-05,-0.004617191518788165,-0.014248033204469289
2021-11-17,-9.999999999999998e-05,-0.002051544551008197,-0.014810770018237402
2021-11-18,-9.999999999999998e-05,0.011356975639431235,0.0031766711882610134
2021-11-19,-9.999999999999998e-05,0.004107955677906864,-0.007060430112439901
2021-11-22,-9.999999999999998e-05,-0.005033862411123534,-0.0012834935776360737
2021-11-23,-9.999999999999998e-05,0.004269297467026556,-0.0050987319620042415
2021-11-24,-9.999999999999998e-05,0.003971355753682309,-0.0013669290891313024
2021-11-25,-9.999999999999998e-05,0.008518859031840752,-0.00927266614022432
2021-11-26,-9.999999999999998e-05,-0.0014760469597106642,0.010319881275584092
2021-11-29,-9.999999999999998e-05,-0.019143017236583182,-0.003682618083424979
2021-11-30,-9.999999999999998e-05,-0.011650633291605358,-0.013178200783539573
